Name, Time, Date

a,01:14:08,17:November:2022
name,01:16:11,17:November:2022
c,01:17:54,17:November:2022
VIVEK TEST,02:06:36,17:November:2022

VIVEK TEST,13:01:06,17:November:2022
VIVEK TEST,13:01:06,17:November:2022
VIVEK TEST,13:02:19,17:November:2022
VIVEK TEST,13:02:20,17:November:2022
VIVEK TEST,13:03:01,17:November:2022
VIVEK TEST,13:03:13,17:November:2022
VIVEK TEST,13:03:40,17:November:2022
VIVEK TEST,13:03:42,17:November:2022
VIVEK TEST,13:03:42,17:November:2022
VIVEK TEST,13:03:53,17:November:2022
VIVEK TEST,13:03:54,17:November:2022
VIVEK TEST,13:03:54,17:November:2022
VIVEK TEST,13:03:55,17:November:2022
VIVEK TEST,13:03:55,17:November:2022
VIVEK TEST,13:03:56,17:November:2022
VIVEK TEST,13:03:58,17:November:2022
VIVEK TEST,13:04:02,17:November:2022
VIVEK TEST,13:04:03,17:November:2022
VIVEK TEST,13:04:11,17:November:2022
VIVEK TEST,13:04:12,17:November:2022
VIVEK TEST,13:04:28,17:November:2022
VIVEK TEST,13:04:30,17:November:2022
VIVEK TEST,13:04:31,17:November:2022
VIVEK TEST,13:04:42,17:November:2022
VIVEK TEST,13:04:47,17:November:2022
VIVEK TEST,13:04:54,17:November:2022
VIVEK TEST,13:04:56,17:November:2022
VIVEK TEST,13:05:01,17:November:2022
VIVEK TEST,13:05:39,18:November:2022
VIVEK TEST,13:05:44,18:November:2022
VIVEK TEST,13:05:47,18:November:2022
VIVEK TEST,13:05:50,18:November:2022
VIVEK TEST,13:05:52,18:November:2022
VIVEK TEST,13:05:54,18:November:2022
VIVEK TEST,13:05:55,18:November:2022
VIVEK TEST,13:05:56,18:November:2022
VIVEK TEST,13:05:57,18:November:2022
VIVEK TEST,13:06:01,18:November:2022
VIVEK TEST,13:06:02,18:November:2022
VIVEK TEST,13:06:11,18:November:2022
VIVEK TEST,13:06:14,18:November:2022
VIVEK TEST,13:06:15,18:November:2022
VIVEK,13:06:43,18:November:2022
VIVEK TEST1,13:06:56,18:November:2022
VIVEK TEST,09:04:48,30:November:2022
VIVEK TEST,09:04:58,30:November:2022
VIVEK TEST,09:04:59,30:November:2022
VIVEK TEST,09:05:20,30:November:2022
VIVEK TEST,09:05:43,30:November:2022
VIVEK TEST,09:05:44,30:November:2022
VIVEK TEST,09:05:55,30:November:2022
VIVEK TEST,09:06:24,30:November:2022
VIVEK TEST,09:06:25,30:November:2022
VIVEK TEST,09:07:00,30:November:2022
VIVEK TEST,09:07:01,30:November:2022
VIVEK TEST,09:07:01,30:November:2022
VIVEK TEST,09:07:23,30:November:2022
VIVEK TEST,09:07:43,30:November:2022
VIVEK TEST,09:07:43,30:November:2022
VIVEK TEST,09:07:45,30:November:2022
VIVEK TEST,09:07:46,30:November:2022
VIVEK TEST,09:07:46,30:November:2022
VIVEK TEST,09:07:47,30:November:2022
VIVEK TEST,09:07:48,30:November:2022
VIVEK TEST,09:07:52,30:November:2022
VIVEK TEST,09:07:54,30:November:2022
VIVEK TEST,09:07:54,30:November:2022
VIVEK TEST,09:07:55,30:November:2022
VIVEK TEST,09:07:56,30:November:2022
VIVEK TEST,09:07:56,30:November:2022
VIVEK TEST,09:07:57,30:November:2022
VIVEK TEST,09:07:57,30:November:2022
VIVEK TEST,09:07:58,30:November:2022
VIVEK TEST,09:07:58,30:November:2022
VIVEK TEST,09:08:00,30:November:2022
VIVEK TEST,09:08:01,30:November:2022
VIVEK TEST,09:08:02,30:November:2022
VIVEK TEST,09:08:02,30:November:2022
VIVEK TEST,09:08:06,30:November:2022
VIVEK TEST,09:08:06,30:November:2022
VIVEK TEST,09:08:07,30:November:2022
VIVEK TEST,09:08:08,30:November:2022
VIVEK TEST,09:08:09,30:November:2022
VIVEK TEST,09:08:09,30:November:2022
VIVEK TEST,09:08:10,30:November:2022
VIVEK TEST,09:08:10,30:November:2022
VIVEK TEST,09:08:11,30:November:2022
VIVEK TEST,09:08:12,30:November:2022
VIVEK TEST,09:08:12,30:November:2022
VIVEK TEST,09:08:13,30:November:2022
VIVEK TEST,09:08:13,30:November:2022
VIVEK TEST,09:08:14,30:November:2022
VIVEK TEST,09:08:15,30:November:2022
VIVEK TEST,09:09:22,30:November:2022
VIVEK TEST1,09:09:22,30:November:2022
VIVEK TEST1,09:09:23,30:November:2022
VIVEK TEST,09:09:24,30:November:2022
VIVEK TEST,09:09:25,30:November:2022
VIVEK TEST,09:09:25,30:November:2022
VIVEK TEST,09:09:26,30:November:2022
VIVEK TEST,09:09:26,30:November:2022
VIVEK TEST,09:09:27,30:November:2022
VIVEK TEST,09:09:28,30:November:2022
VIVEK TEST,09:09:28,30:November:2022
VIVEK TEST,09:09:29,30:November:2022
VIVEK TEST,09:09:29,30:November:2022
VIVEK TEST,09:09:30,30:November:2022
VIVEK TEST,09:09:30,30:November:2022
VIVEK TEST,09:09:31,30:November:2022
VIVEK TEST,09:09:32,30:November:2022
VIVEK TEST,09:09:33,30:November:2022
VIVEK TEST,09:09:35,30:November:2022
VIVEK TEST,09:09:36,30:November:2022
VIVEK TEST1,09:09:37,30:November:2022
VIVEK TEST,09:09:38,30:November:2022
VIVEK TEST,09:09:38,30:November:2022
VIVEK TEST,09:09:39,30:November:2022
VIVEK TEST,09:09:40,30:November:2022
VIVEK TEST1,09:09:42,30:November:2022
VIVEK TEST1,09:09:43,30:November:2022
VIVEK TEST,09:09:44,30:November:2022
VIVEK TEST,09:09:45,30:November:2022
VIVEK TEST,09:09:46,30:November:2022
VIVEK TEST,09:09:47,30:November:2022
VIVEK TEST,09:09:47,30:November:2022
VIVEK TEST,09:09:48,30:November:2022
VIVEK TEST,09:09:48,30:November:2022
VIVEK TEST,09:09:49,30:November:2022
VIVEK TEST,09:09:50,30:November:2022
VIVEK TEST,09:09:50,30:November:2022
VIVEK TEST,09:09:51,30:November:2022
VIVEK TEST,09:09:51,30:November:2022
VIVEK TEST,09:09:53,30:November:2022
VIVEK TEST,09:09:54,30:November:2022
VIVEK TEST,09:09:54,30:November:2022
VIVEK TEST,09:15:07,30:November:2022
VIVEK TEST,09:17:58,30:November:2022
VIVEK TEST1,09:18:00,30:November:2022
VIVEK TEST1,09:18:00,30:November:2022
VIVEK TEST1,09:18:01,30:November:2022
VIVEK TEST1,09:18:02,30:November:2022
VIVEK TEST,09:18:02,30:November:2022
VIVEK TEST1,09:18:03,30:November:2022
VIVEK TEST1,09:18:03,30:November:2022
VIVEK TEST1,09:18:04,30:November:2022
VIVEK TEST1,09:18:06,30:November:2022
VIVEK TEST,09:18:14,30:November:2022
VIVEK TEST,09:18:18,30:November:2022
VIVEK TEST,09:18:18,30:November:2022
VIVEK TEST,09:18:20,30:November:2022
VIVEK TEST,09:18:30,30:November:2022
VIVEK TEST1,09:18:33,30:November:2022
VIVEK TEST1,09:18:40,30:November:2022
VIVEK TEST,09:18:41,30:November:2022
VIVEK TEST,09:18:41,30:November:2022
VIVEK TEST,09:18:42,30:November:2022
VIVEK TEST1,09:18:43,30:November:2022
VIVEK TEST,09:18:44,30:November:2022
VIVEK TEST,09:18:45,30:November:2022
VIVEK TEST,09:18:48,30:November:2022
VIVEK TEST,09:18:48,30:November:2022
VIVEK TEST,09:18:49,30:November:2022
VIVEK TEST,09:18:49,30:November:2022
VIVEK TEST1,09:18:51,30:November:2022
VIVEK TEST,09:18:52,30:November:2022
VIVEK TEST,09:18:53,30:November:2022
VIVEK TEST,09:18:54,30:November:2022
VIVEK TEST,09:18:55,30:November:2022
VIVEK TEST,09:18:55,30:November:2022
VIVEK TEST,09:18:56,30:November:2022
VIVEK TEST,09:18:57,30:November:2022
VIVEK TEST,09:18:57,30:November:2022
VIVEK TEST,09:18:58,30:November:2022
VIVEK TEST,09:18:58,30:November:2022
VIVEK TEST,09:18:59,30:November:2022
VIVEK TEST,09:18:59,30:November:2022
VIVEK TEST,09:19:01,30:November:2022
VIVEK TEST,09:19:03,30:November:2022
VIVEK TEST,09:19:03,30:November:2022
VIVEK TEST,09:19:04,30:November:2022
VIVEK TEST,09:19:05,30:November:2022
VIVEK TEST,09:19:05,30:November:2022
VIVEK TEST,09:19:06,30:November:2022
VIVEK TEST,09:19:08,30:November:2022
VIVEK TEST,09:19:16,30:November:2022
VIVEK TEST,09:19:17,30:November:2022
VIVEK TEST,09:19:22,30:November:2022
VIVEK TEST,09:19:24,30:November:2022
VIVEK TEST,09:19:25,30:November:2022
VIVEK TEST1,09:19:38,30:November:2022
VIVEK TEST1,09:19:39,30:November:2022
VIVEK TEST1,09:20:08,30:November:2022
VIVEK TEST,09:21:56,30:November:2022
VIVEK TEST1,09:23:00,30:November:2022
VIVEK TEST1,09:23:00,30:November:2022
VIVEK TEST,09:23:01,30:November:2022
VIVEK TEST,09:23:03,30:November:2022
VIVEK TEST,09:23:03,30:November:2022
VIVEK TEST1,09:23:12,30:November:2022
VIVEK TEST1,09:23:12,30:November:2022
VIVEK TEST1,09:23:13,30:November:2022
VIVEK TEST1,09:23:13,30:November:2022
VIVEK TEST1,09:23:14,30:November:2022
VIVEK TEST1,09:23:15,30:November:2022
VIVEK TEST1,09:23:17,30:November:2022
VIVEK TEST1,09:23:19,30:November:2022
VIVEK TEST1,09:23:20,30:November:2022
VIVEK TEST1,09:23:23,30:November:2022
VIVEK TEST1,09:23:25,30:November:2022
VIVEK TEST1,09:23:26,30:November:2022
VIVEK TEST1,09:23:32,30:November:2022
VIVEK TEST1,09:23:35,30:November:2022
VIVEK TEST1,09:25:01,30:November:2022
VIVEK TEST1,09:25:02,30:November:2022
VIVEK TEST1,09:25:02,30:November:2022
VIVEK TEST1,09:25:10,30:November:2022
VIVEK TEST1,09:25:10,30:November:2022
VIVEK TEST1,09:25:15,30:November:2022
VIVEK TEST1,09:25:35,30:November:2022
VIVEK TEST1,09:25:41,30:November:2022
VIVEK TEST1,09:25:42,30:November:2022
VIVEK TEST1,09:25:42,30:November:2022
VIVEK TEST1,09:25:47,30:November:2022
VIVEK TEST1,09:25:49,30:November:2022
VIVEK TEST1,09:25:51,30:November:2022
VIVEK TEST1,09:25:51,30:November:2022
VIVEK TEST1,09:25:52,30:November:2022
VIVEK TEST1,09:25:55,30:November:2022
VIVEK TEST1,09:25:56,30:November:2022
VIVEK TEST1,09:25:57,30:November:2022
VIVEK TEST1,09:26:17,30:November:2022
VIVEK TEST1,09:26:18,30:November:2022
VIVEK TEST1,09:26:29,30:November:2022
VIVEK TEST1,09:26:30,30:November:2022
VIVEK TEST1,09:26:31,30:November:2022
VIVEK TEST1,09:26:32,30:November:2022
VIVEK TEST1,09:26:44,30:November:2022
VIVEK TEST1,09:26:44,30:November:2022
VIVEK TEST1,09:26:45,30:November:2022
VIVEK TEST1,09:26:46,30:November:2022
VIVEK TEST1,09:26:47,30:November:2022
VIVEK TEST1,09:26:48,30:November:2022
VIVEK TEST1,09:26:49,30:November:2022
VIVEK TEST1,09:26:50,30:November:2022
VIVEK TEST1,09:26:51,30:November:2022
VIVEK TEST1,09:26:53,30:November:2022
VIVEK TEST1,09:26:54,30:November:2022
VIVEK TEST1,09:26:55,30:November:2022
VIVEK TEST1,09:26:55,30:November:2022
VIVEK TEST1,09:26:56,30:November:2022
VIVEK TEST1,09:26:58,30:November:2022
VIVEK TEST1,09:27:06,30:November:2022
VIVEK TEST1,09:27:07,30:November:2022
VIVEK TEST1,09:27:09,30:November:2022
VIVEK TEST1,09:27:15,30:November:2022
VIVEK TEST1,09:27:16,30:November:2022
VIVEK TEST1,09:27:16,30:November:2022
VIVEK TEST1,09:27:17,30:November:2022
VIVEK TEST1,09:27:18,30:November:2022
VIVEK TEST1,09:27:31,30:November:2022
VIVEK TEST1,09:27:32,30:November:2022
VIVEK TEST1,09:27:40,30:November:2022
VIVEK TEST1,09:27:41,30:November:2022
VIVEK TEST1,09:27:44,30:November:2022
VIVEK TEST1,09:28:48,30:November:2022
VIVEK TEST1,09:28:49,30:November:2022
VIVEK TEST1,09:28:52,30:November:2022
VIVEK TEST1,09:28:54,30:November:2022
VIVEK TEST1,09:29:02,30:November:2022
VIVEK TEST1,09:29:03,30:November:2022
VIVEK TEST1,09:29:03,30:November:2022
VIVEK TEST1,09:29:07,30:November:2022
VIVEK TEST1,09:29:08,30:November:2022
VIVEK TEST1,09:29:10,30:November:2022
VIVEK TEST1,09:29:10,30:November:2022
VIVEK TEST1,09:29:11,30:November:2022
VIVEK TEST1,09:29:12,30:November:2022
VIVEK TEST1,09:29:13,30:November:2022
VIVEK TEST1,09:29:14,30:November:2022
VIVEK TEST1,09:29:14,30:November:2022
VIVEK TEST1,09:29:18,30:November:2022
VIVEK TEST1,09:29:19,30:November:2022
VIVEK TEST1,09:29:20,30:November:2022
VIVEK TEST1,09:30:44,30:November:2022
VIVEK TEST1,09:30:45,30:November:2022
VIVEK TEST1,09:30:46,30:November:2022
VIVEK TEST1,09:30:47,30:November:2022
VIVEK TEST1,09:30:47,30:November:2022
VIVEK TEST1,09:30:48,30:November:2022
VIVEK TEST1,09:30:48,30:November:2022
VIVEK TEST1,09:30:49,30:November:2022
VIVEK TEST1,09:30:49,30:November:2022
VIVEK TEST1,09:30:50,30:November:2022
VIVEK TEST1,09:30:50,30:November:2022
VIVEK TEST1,09:30:51,30:November:2022
VIVEK TEST1,09:30:51,30:November:2022
VIVEK TEST1,09:30:52,30:November:2022
VIVEK TEST1,09:30:52,30:November:2022
VIVEK TEST1,09:30:54,30:November:2022
VIVEK TEST1,09:30:54,30:November:2022
VIVEK TEST1,09:30:55,30:November:2022
VIVEK TEST1,09:30:55,30:November:2022
VIVEK TEST1,09:30:56,30:November:2022
VIVEK TEST1,09:30:57,30:November:2022
VIVEK TEST1,09:30:57,30:November:2022
VIVEK TEST1,09:30:58,30:November:2022
VIVEK TEST1,09:30:58,30:November:2022
VIVEK TEST1,09:31:00,30:November:2022
VIVEK TEST1,09:31:01,30:November:2022
VIVEK TEST1,09:31:03,30:November:2022
VIVEK TEST1,09:31:03,30:November:2022
VIVEK TEST1,09:31:04,30:November:2022
VIVEK TEST1,09:31:04,30:November:2022
VIVEK TEST1,09:31:05,30:November:2022
VIVEK TEST1,09:31:06,30:November:2022
VIVEK TEST1,09:31:06,30:November:2022
VIVEK TEST1,09:31:07,30:November:2022
VIVEK TEST1,09:31:07,30:November:2022
VIVEK TEST1,09:31:08,30:November:2022
VIVEK TEST1,09:31:08,30:November:2022
VIVEK TEST1,09:31:10,30:November:2022
VIVEK TEST1,09:31:11,30:November:2022
VIVEK TEST1,09:31:12,30:November:2022
VIVEK TEST1,09:31:13,30:November:2022
VIVEK TEST1,09:31:13,30:November:2022
VIVEK TEST1,09:31:14,30:November:2022
VIVEK TEST1,09:34:33,30:November:2022
VIVEK TEST1,09:34:36,30:November:2022
VIVEK TEST1,09:34:37,30:November:2022
VIVEK TEST1,09:34:38,30:November:2022
VIVEK TEST1,09:34:54,30:November:2022
VIVEK TEST1,09:34:54,30:November:2022
VIVEK TEST1,09:34:59,30:November:2022
VIVEK TEST1,09:35:02,30:November:2022
VIVEK TEST1,09:35:06,30:November:2022
VIVEK TEST1,09:35:06,30:November:2022
VIVEK TEST1,09:35:07,30:November:2022
VIVEK TEST1,09:35:09,30:November:2022
VIVEK TEST1,09:35:09,30:November:2022
VIVEK TEST1,09:35:11,30:November:2022
VIVEK TEST1,09:35:13,30:November:2022
VIVEK TEST1,09:35:14,30:November:2022
VIVEK TEST1,09:35:14,30:November:2022
VIVEK TEST1,09:35:15,30:November:2022
VIVEK TEST1,09:35:15,30:November:2022
VIVEK TEST1,09:35:16,30:November:2022
VIVEK TEST1,09:35:16,30:November:2022
VIVEK TEST1,09:35:17,30:November:2022
VIVEK TEST1,09:35:17,30:November:2022
VIVEK TEST1,09:35:19,30:November:2022
VIVEK TEST1,09:35:20,30:November:2022
VIVEK TEST1,09:35:21,30:November:2022
VIVEK TEST1,09:35:22,30:November:2022
VIVEK TEST1,09:35:22,30:November:2022
VIVEK TEST1,09:35:23,30:November:2022
VIVEK TEST1,09:35:23,30:November:2022
VIVEK TEST1,09:35:24,30:November:2022
VIVEK TEST1,09:35:24,30:November:2022
VIVEK TEST1,09:35:25,30:November:2022
VIVEK TEST1,09:35:25,30:November:2022
VIVEK TEST1,09:35:26,30:November:2022
VIVEK TEST1,09:35:26,30:November:2022
VIVEK TEST1,09:35:27,30:November:2022
VIVEK TEST1,09:35:28,30:November:2022
VIVEK TEST1,09:35:29,30:November:2022
VIVEK TEST1,09:35:30,30:November:2022
VIVEK TEST1,09:35:36,30:November:2022
VIVEK TEST1,09:35:51,30:November:2022
VIVEK TEST1,09:35:57,30:November:2022
VIVEK TEST1,09:35:58,30:November:2022
VIVEK TEST1,09:35:59,30:November:2022
VIVEK TEST1,09:36:17,30:November:2022
VIVEK TEST1,09:36:18,30:November:2022
VIVEK TEST1,09:36:20,30:November:2022
VIVEK TEST1,09:36:21,30:November:2022
VIVEK TEST1,09:36:22,30:November:2022
VIVEK TEST1,09:36:23,30:November:2022
VIVEK TEST1,09:36:23,30:November:2022
VIVEK TEST1,09:36:26,30:November:2022
VIVEK TEST1,09:36:28,30:November:2022
VIVEK TEST1,09:36:28,30:November:2022
VIVEK TEST1,09:36:30,30:November:2022
VIVEK TEST1,09:36:32,30:November:2022
VIVEK TEST1,09:38:44,30:November:2022
VIVEK TEST1,09:38:47,30:November:2022
VIVEK TEST1,09:38:48,30:November:2022
VIVEK TEST1,09:38:49,30:November:2022
VIVEK TEST1,09:38:49,30:November:2022
VIVEK TEST1,09:38:50,30:November:2022
VIVEK TEST1,09:38:50,30:November:2022
VIVEK TEST1,09:38:51,30:November:2022
VIVEK TEST1,09:38:51,30:November:2022
VIVEK TEST1,09:38:54,30:November:2022
VIVEK TEST1,09:38:54,30:November:2022
VIVEK TEST1,09:38:55,30:November:2022
VIVEK TEST1,09:38:55,30:November:2022
VIVEK TEST1,09:38:56,30:November:2022
VIVEK TEST1,09:38:57,30:November:2022
VIVEK TEST1,09:38:58,30:November:2022
VIVEK TEST1,09:38:58,30:November:2022
VIVEK TEST1,09:38:59,30:November:2022
VIVEK TEST1,09:39:00,30:November:2022
VIVEK TEST1,09:39:01,30:November:2022
VIVEK TEST1,09:39:02,30:November:2022
VIVEK TEST1,09:39:02,30:November:2022
VIVEK TEST1,09:40:28,30:November:2022
VIVEK TEST1,09:40:31,30:November:2022
VIVEK TEST1,09:40:35,30:November:2022
VIVEK TEST1,09:40:36,30:November:2022
VIVEK TEST1,09:40:36,30:November:2022
VIVEK TEST1,09:40:37,30:November:2022
VIVEK TEST1,09:40:37,30:November:2022
VIVEK TEST1,09:40:38,30:November:2022
VIVEK TEST1,09:40:38,30:November:2022
VIVEK TEST1,09:40:40,30:November:2022
VIVEK TEST1,09:40:41,30:November:2022
VIVEK TEST1,09:40:42,30:November:2022
VIVEK TEST1,09:40:45,30:November:2022
VIVEK TEST1,09:40:46,30:November:2022
VIVEK TEST1,09:40:52,30:November:2022
VIVEK TEST1,09:40:53,30:November:2022
VIVEK TEST,09:40:53,30:November:2022
VIVEK TEST1,09:40:54,30:November:2022
VIVEK TEST1,09:40:54,30:November:2022
VIVEK TEST1,09:40:55,30:November:2022
VIVEK TEST1,09:40:55,30:November:2022
VIVEK TEST1,09:40:56,30:November:2022
VIVEK TEST1,09:40:57,30:November:2022
VIVEK TEST1,09:40:58,30:November:2022
VIVEK TEST1,09:40:58,30:November:2022
VIVEK TEST,09:40:59,30:November:2022
VIVEK TEST,09:40:59,30:November:2022
VIVEK TEST1,09:41:00,30:November:2022
VIVEK TEST1,09:41:00,30:November:2022
VIVEK TEST,09:41:02,30:November:2022
VIVEK TEST1,09:41:03,30:November:2022
VIVEK TEST1,09:41:05,30:November:2022
VIVEK TEST1,09:42:35,30:November:2022
VIVEK TEST1,09:42:36,30:November:2022
VIVEK TEST1,09:42:36,30:November:2022
VIVEK TEST1,09:42:44,30:November:2022
VIVEK TEST1,09:42:56,30:November:2022
VIVEK TEST1,12:33:25,30:November:2022
VIVEK TEST1,12:33:26,30:November:2022
VIVEK TEST1,12:33:27,30:November:2022
VIVEK TEST1,12:33:28,30:November:2022
VIVEK TEST1,12:33:29,30:November:2022
VIVEK TEST1,12:33:31,30:November:2022
VIVEK TEST1,12:33:31,30:November:2022
VIVEK TEST1,12:33:34,30:November:2022
VIVEK TEST1,12:33:44,30:November:2022
VIVEK TEST1,12:33:51,30:November:2022
VIVEK TEST1,12:33:59,30:November:2022
VIVEK TEST1,12:33:59,30:November:2022
VIVEK TEST1,12:34:00,30:November:2022
VIVEK TEST1,13:03:42,30:November:2022
VIVEK TEST1,13:03:42,30:November:2022
VIVEK TEST1,13:03:43,30:November:2022
VIVEK TEST1,13:03:45,30:November:2022
VIVEK TEST1,13:03:45,30:November:2022
VIVEK TEST1,13:03:49,30:November:2022
VIVEK TEST1,13:03:51,30:November:2022
VIVEK TEST1,13:03:51,30:November:2022
VIVEK TEST1,13:03:52,30:November:2022
VIVEK TEST1,13:03:57,30:November:2022
VIVEK TEST,13:03:58,30:November:2022
VIVEK TEST1,13:04:02,30:November:2022
VIVEK TEST,13:04:03,30:November:2022
VIVEK TEST1,13:04:24,30:November:2022
VIVEK TEST1,13:04:27,30:November:2022
VIVEK TEST1,13:04:33,30:November:2022
VIVEK TEST1,13:04:35,30:November:2022
VIVEK TEST1,13:04:36,30:November:2022
VIVEK TEST1,13:04:38,30:November:2022
VIVEK TEST1,13:04:40,30:November:2022
VIVEK TEST1,13:04:41,30:November:2022
VIVEK TEST1,13:04:42,30:November:2022
VIVEK TEST1,13:04:43,30:November:2022
VIVEK TEST1,13:04:44,30:November:2022
VIVEK TEST1,13:04:47,30:November:2022
VIVEK TEST1,13:04:48,30:November:2022